Jenna Ortega,actor/actress
Gwendoline Christie,actor/actress
Riki Lindhome,actor/actress
Emma Myers,actor/actress
Joy Sunday,actor/actress
Naomi J. Ogawa,actor/actress
Christina Ricci,actor/actress
Jamie McShane,actor/actress
Hunter Doohan,actor/actress
Percy Hynes White,actor/actress
Georgie Farmer,actor/actress
Johnna Dias-Watson,actor/actress
Oliver Watson,actor/actress
Victor Dorobantu,actor/actress
Moosa Mostafa,actor/actress
Daniel Himschoot,actor/actress
Luyanda Unati Lewis-Nyawo,actor/actress
Iman Marson,actor/actress
Calum Ross,actor/actress
Cezar Grumazescu,actor/actress
Tommie Earl Jenkins,actor/actress
Catherine Zeta-Jones,actor/actress
Morgan Beale,actor/actress
George Burcea,actor/actress
Islam Bouakkaz,actor/actress
William Houston,actor/actress
Karina Varadi,actor/actress
Rina Mahoney,actor/actress
Georgia Goodman,actor/actress
Murray McArthur,actor/actress
Fred Armisen,actor/actress
Luis Guzm�n,actor/actress
Olimpia Malai,actor/actress
Isaac Ordonez,actor/actress
Nitin Ganatra,actor/actress
Lucius Hoyos,actor/actress
Cheherezade Valentine Okotaka Ebale,actor/actress
Oliver Wickham,actor/actress
Edward Kennedy,actor/actress
Ismail Kesu,actor/actress
Caroline Lawrie,actor/actress
Lachele Carl,actor/actress
Gwen Jones,actor/actress
Lisa O'Hare,actor/actress
Sophia Nomvete,actor/actress
Ichir� Y�ki,actor/actress
Amanda Drew,actor/actress
Ryan Ellsworth,actor/actress
Gloria Garcia,actor/actress
Gracy Goldman,actor/actress
Lewis Hayes,actor/actress
Philip Rosch,actor/actress
Michael Okele,actor/actress
Chloe Cate,actor/actress
Jonathan Torres,actor/actress
John Logan,actor/actress
James Dunn,actor/actress
Carol Williams,actor/actress
Jasmine Hunter,actor/actress
Eric Meyer,actor/actress
Robin Andrews,actor/actress
Dustin Davis,actor/actress
Christopher Miller,actor/actress
Sheila Foster,actor/actress
Robert Ayala,actor/actress
Deanna Chang,actor/actress
Mrs. Sally Dixon,actor/actress
Maria Rich,actor/actress
Mike Romero,actor/actress
Dr. Heather Mercado,actor/actress
Natalie Lewis,actor/actress
Michael Barnes,actor/actress
Adam Taylor,actor/actress
Jill Logan,actor/actress
James Holmes,actor/actress
Brian Shaw,actor/actress
Jessica Valentine,actor/actress
Kelly Hines,actor/actress
Daniel Cross,actor/actress
Tyler Jenkins,actor/actress
Kenneth Cochran,actor/actress
Dr. Clarence Johnson,actor/actress
Jennifer Frank,actor/actress
Robert Hall,actor/actress
Brent Dudley,actor/actress
Christopher Small,actor/actress
Ashley Baker,actor/actress
Leslie Dawson,actor/actress
Jeffrey Hernandez II,actor/actress
James Clark,actor/actress
Megan Douglas,actor/actress
Terry Mayer,actor/actress
Melanie George,actor/actress
Madison Duarte,actor/actress
Roy Benjamin,actor/actress
Angela Ramirez,actor/actress
John Smith,actor/actress
Jennifer Cherry,actor/actress
Amanda Jackson,actor/actress
Brenda Jones,actor/actress
Elizabeth Goodman,actor/actress
Caitlin James,actor/actress
Mr. Phillip Payne,actor/actress
Charles Anthony,actor/actress
Jonathan Diaz,actor/actress
Carlos Horn,actor/actress
Jonathan Clay,actor/actress
Andrew Bender,actor/actress
Michael Brown,actor/actress
Erica Henson,actor/actress
Kristina Mcintosh,actor/actress
Emily Carney,actor/actress
Michele Joseph,actor/actress
Evan George,actor/actress
Brittany Espinoza,actor/actress
Rebecca Allen,actor/actress
Wendy Middleton,actor/actress
Julia Long,actor/actress
Ricky Vance,actor/actress
Ronald Jones,actor/actress
James Lynch,actor/actress
Doris Banks,actor/actress
Theresa Guerrero,actor/actress
Kimberly Schmidt,actor/actress
Grant Phillips,actor/actress
Amanda Mcdonald,actor/actress
Kimberly Lopez,actor/actress
Patricia Gomez,actor/actress
Mrs. Christine Pacheco,actor/actress
Joseph Moyer,actor/actress
Dr. Gary Gomez,actor/actress
Daniel Russell,actor/actress
Walter Golden,actor/actress
Shannon Sellers,actor/actress
James Gray,actor/actress
Amy Morris,actor/actress
Joshua Acosta,actor/actress
Samantha Nichols,actor/actress
Robert Alvarado,actor/actress
Kristy Hunter,actor/actress
Mary Scott,actor/actress
Lisa Adams,actor/actress
Michelle Fitzgerald,actor/actress
Catherine Phillips,actor/actress
Joseph Davenport,actor/actress
Linda Richardson,actor/actress
Michael Crawford,actor/actress
Cathy Roy,actor/actress
Kendra Reynolds,actor/actress
Dale Crawford,actor/actress
Ashley Taylor,actor/actress
Michael Hensley,actor/actress
Destiny Robinson,actor/actress
Shane Ferguson,actor/actress
Jennifer Pierce,actor/actress
Brandi Cooke,actor/actress
Jesus Sullivan,actor/actress
Stephanie Bell,actor/actress
Sierra Gray,actor/actress
Jessica Richmond,actor/actress
Donna Smith,actor/actress
Mary Diaz,actor/actress
Jonathan Brown,actor/actress
Jessica Williams,actor/actress
Margaret Moore,actor/actress
Daniel Hartman,actor/actress
Sonya Hudson,actor/actress
Jeffery Robinson,actor/actress
John Scott,actor/actress
Deborah Smith,actor/actress
Dylan Moon,actor/actress
Thomas Castro,actor/actress
Ryan Willis,actor/actress
Nancy Rush,actor/actress
Charles Huang,actor/actress
Daniel Chen,actor/actress
Matthew Robinson,actor/actress
Christine Rosales,actor/actress
John Andrews,actor/actress
Madison Perry,actor/actress
Jaime Simpson,actor/actress
Jessica Smith,actor/actress
Cynthia Harris,actor/actress
Thomas Lambert,actor/actress
Andrea Thompson,actor/actress
Vanessa Marshall,actor/actress
